trajectory	frame	x	y	spot_intensity	bg_intensity	SNR	converged	widthx	widthy
0	0	44.4268902142256	20.907267483999924	199429.0288461539	493.4904761904762	18.140477898603173	0	1.3332129707980862	1.3358285311484113
0	1	44.6590574773305	20.668764722899454	198368.2740384616	502.15384615384613	21.996063994863583	0	1.3332129707980862	1.3358285311484113
0	2	44.66039702955961	20.673800766959552	198740.85576923075	525.4230769230769	18.75835214511529	0	1.3332129707980862	1.3358285311484113
0	3	44.91150774505481	20.43607693966353	185769.72596153847	504.5571428571429	19.52580994078291	0	1.3332129707980862	1.3358285311484113
0	4	44.666039462151005	20.675447109964423	172770.94711538465	513.1923076923077	16.701916556686815	0	1.3332129707980862	1.3358285311484113
0	5	44.66880946411312	20.675925666840698	172825.1875	505.2451923076923	17.322297336385127	0	1.3332129707980862	1.3358285311484113
0	6	44.4124031419868	20.89262793074951	169844.00480769234	505.3285714285714	15.963476905262048	0	1.3332129707980862	1.3358285311484113
0	7	44.65418284882038	20.65914852974903	171500.36538461535	515.7788461538462	18.028966731783193	0	1.3332129707980862	1.3358285311484113
0	8	44.43322295610673	20.908613393079268	157331.53365384613	502.56666666666666	15.820168076473763	0	1.3332129707980862	1.3358285311484113
0	9	44.66154870468466	20.668496217157227	159532.4375	506.0625	16.9036416221292	0	1.3332129707980862	1.3358285311484113
0	10	44.895184477416585	20.43215019743701	159556.00480769234	484.23333333333335	16.224351782948936	0	1.3332129707980862	1.3358285311484113
0	11	44.653422828992134	20.674982164875363	156925.92307692306	513.2980769230769	14.329169606762493	0	1.3332129707980862	1.3358285311484113
0	12	44.67654443353393	20.688706955215682	157940.9711538461	509.25	15.889719837398415	0	1.3332129707980862	1.3358285311484113
0	13	44.665472207633655	20.675481270779347	159991.44230769234	506.9423076923077	15.865259035531164	0	1.3332129707980862	1.3358285311484113
0	14	44.652525889468166	20.665586364785234	157938.37980769234	497.10096153846155	15.985068410638451	0	1.3332129707980862	1.3358285311484113
0	15	44.66164397287928	20.66598534874607	145124.37980769234	515.8413461538462	15.351076456557328	0	1.3332129707980862	1.3358285311484113
0	16	44.653869492951245	20.67277475445733	131964.89903846153	507.71153846153845	13.007259047962021	0	1.3332129707980862	1.3358285311484113
0	17	44.66346564504491	20.668132426269565	120797.40865384614	496.3173076923077	11.366530083268907	0	1.3332129707980862	1.3358285311484113
0	18	44.65612337018002	20.67873390972149	119048.51442307695	506.90384615384613	14.2534884310926	0	1.3332129707980862	1.3358285311484113
0	19	44.64737038331322	20.657584835692624	107601.0625	486.7692307692308	10.719763595069413	0	1.3332129707980862	1.3358285311484113
0	20	44.66609408067516	20.683135110733147	105797.37980769233	498.7355769230769	11.125464584625291	0	1.3332129707980862	1.3358285311484113
0	21	44.4166219773541	20.908913833426283	106263.0432692308	500.252380952381	11.144314017813079	0	1.3332129707980862	1.3358285311484113
0	22	44.41288183947334	20.914769189535548	94717.89903846153	503.12380952380954	10.18092835406709	0	1.3332129707980862	1.3358285311484113
0	23	44.649929840192	20.67741472188349	93478.71153846153	497.0432692307692	9.187668153591611	0	1.3332129707980862	1.3358285311484113
0	24	44.41944025825005	20.885371523324437	78345.86538461538	501.2809523809524	8.930911622910573	0	1.3332129707980862	1.3358285311484113
1	0	45.97486747234881	32.72940305469416	177079.25480769234	768.0518867924528	1.7274792936697647	0	1.2956349724643264	1.303265416639537
1	1	46.191885110223225	32.50972170576267	174425.24519230766	609.3761904761905	4.453574060559377	0	1.2956349724643264	1.303265416639537
1	2	45.971381327863064	32.72312431753468	160695.5	800.0235849056604	1.5631844688483927	0	1.2956349724643264	1.303265416639537
1	3	45.976277670215765	32.725045048349266	161623.30769230766	790.2028301886793	1.5569258472141771	0	1.2956349724643264	1.303265416639537
1	4	45.982485828925476	32.72265968597929	151027.7163461539	798.9103773584906	1.4484121014506839	0	1.2956349724643264	1.303265416639537
1	5	45.99072580106544	32.72643328651987	134377.30769230766	792.122641509434	1.3097796752122366	0	1.2956349724643264	1.303265416639537
1	6	45.97056260064673	32.72075541120467	141795.69711538465	722.3349056603773	1.6263618725182605	0	1.2956349724643264	1.303265416639537
1	7	45.98357145243336	32.738124731764096	129218.62019230767	718.4905660377359	1.6826611339542814	0	1.2956349724643264	1.303265416639537
1	8	45.97901761870062	32.71758555052831	128345.82692307697	706.3632075471698	1.7012084935808158	0	1.2956349724643264	1.303265416639537
1	9	45.97125663648391	32.72994490070387	128101.89903846155	710.7452830188679	1.6814335724132896	0	1.2956349724643264	1.303265416639537
1	10	45.981794311004734	32.72769878295701	133998.28846153844	682.3915094339623	1.8926656673524245	0	1.2956349724643264	1.303265416639537
1	11	46.19923526806928	32.5079329702529	131868.45192307697	561.7630331753554	4.930849486281343	0	1.2956349724643264	1.303265416639537
1	12	46.193606978465894	32.501834391375354	131170.4375	571.6635071090047	5.024811275999149	0	1.2956349724643264	1.303265416639537
1	13	46.19224485632039	32.48631717478366	112706.25480769233	587.0714285714286	3.9436019074260265	0	1.2956349724643264	1.303265416639537
1	14	45.96686905376958	32.71789294339472	105417.2692307692	674.1037735849056	1.6917546222805018	0	1.2956349724643264	1.303265416639537
1	15	45.971356276280495	32.741365559424146	104167.8557692308	676.3537735849056	1.6194864348485105	0	1.2956349724643264	1.303265416639537
1	16	45.9888650631479	32.733467192043406	105892.13461538462	666.8349056603773	1.8990925855470677	0	1.2956349724643264	1.303265416639537
1	17	45.97236537063615	32.733914624419036	96757.02884615383	627.3867924528302	2.0121416732909565	0	1.2956349724643264	1.303265416639537
1	18	45.97656102903321	32.72436288330949	94810.3317307692	625.6981132075472	1.9717698984762795	0	1.2956349724643264	1.303265416639537
1	19	45.97693807653199	32.734371261514234	80605.1057692308	633.627358490566	1.6382172400022332	0	1.2956349724643264	1.303265416639537
1	20	45.976454202746844	32.72859595170116	85191.2932692308	610.3632075471698	2.054645576354925	1	1.2956349724643264	1.303265416639537
1	21	45.978029602548766	32.73312826980895	83541.53846153847	612.5518867924528	2.057710644597081	0	1.2956349724643264	1.303265416639537
1	22	46.179388545975314	32.493079577097255	89348.85576923077	552.5952380952381	4.85278887643197	0	1.2956349724643264	1.303265416639537
1	23	45.97031024015956	32.72141305332554	86643.82692307695	624.9198113207547	2.0609134753043916	0	1.2956349724643264	1.303265416639537
1	24	45.98274183858644	32.72171411016708	71739.21634615383	601.9103773584906	1.67022065165715	0	1.2956349724643264	1.303265416639537
1	25	45.98694740251894	32.70459494647411	57326.89903846152	606.1084905660377	1.3791071901352991	0	1.2956349724643264	1.303265416639537
2	1	25.073187237037523	38.33870076521257	199426.58173076925	499.0047393364929	21.74542900666513	0	1.3246506542520549	1.3323174617818552
2	2	24.841074003201655	38.57344777103303	198476.7740384616	492.2190476190476	20.92385629999402	1	1.3246506542520549	1.3323174617818552
2	3	25.078797112022535	38.344236064867346	199115.71153846153	504.9478672985782	19.79652561818331	1	1.3246506542520549	1.3323174617818552
2	4	25.073746172982688	38.345918731701175	198999.50480769234	503.86729857819904	20.956464743732692	0	1.3246506542520549	1.3323174617818552
2	5	25.065305816488653	38.34315864826763	174915.16826923075	493.1090047393365	20.173563340805106	0	1.3246506542520549	1.3323174617818552
2	6	25.07383961738771	38.34309419630341	160564.94230769234	484.4028436018957	17.705429059215977	1	1.3246506542520549	1.3323174617818552
2	7	25.08280184776294	38.34785463902556	146903.30288461538	500.02843601895734	15.124266511517293	0	1.3246506542520549	1.3323174617818552
2	8	25.06858711542466	38.33346588654722	145003.42788461538	513.1943127962086	15.992466844590203	0	1.3246506542520549	1.3323174617818552
2	9	25.084490624706078	38.330401982608024	132110.68269230766	507.91469194312793	15.483006732134482	0	1.3246506542520549	1.3323174617818552
2	10	25.078110958535973	38.343338850749106	131618.78846153847	510.7203791469194	14.52043762443578	0	1.3246506542520549	1.3323174617818552
2	11	25.057762874955117	38.336415316067324	132566.27403846153	520.9431279620853	13.967819001207173	0	1.3246506542520549	1.3323174617818552
2	12	25.059931749974808	38.35002441616231	131999.53365384613	505.81516587677726	14.383295470143688	0	1.3246506542520549	1.3323174617818552
2	13	24.839636502721778	38.595571194513965	118426.43269230767	503.95238095238096	11.806163732662139	1	1.3246506542520549	1.3323174617818552
2	14	25.085437807965622	38.34404884746862	119907.15865384616	502.2748815165877	12.949490326361445	0	1.3246506542520549	1.3323174617818552
2	15	25.07534902187464	38.33872796144991	119419.32692307694	515.3933649289099	13.352644266798793	0	1.3246506542520549	1.3323174617818552
2	16	25.082480021179876	38.343498581010266	116735.49519230767	498.17535545023696	12.287757668149046	0	1.3246506542520549	1.3323174617818552
2	17	24.848322608957403	38.579675472873205	119922.20673076922	503.53333333333336	13.953075382350528	0	1.3246506542520549	1.3323174617818552
2	18	25.05415320530109	38.347738843934046	93326.39423076923	501.02369668246445	10.233366600771218	0	1.3246506542520549	1.3323174617818552
2	19	25.090427665801016	38.345031796745616	91840.44711538462	505.49763033175356	10.597842558430036	0	1.3246506542520549	1.3323174617818552
2	20	25.057230649762882	38.33214639784937	92410.65865384617	512.9620853080569	9.567220902765456	1	1.3246506542520549	1.3323174617818552
2	21	25.07544254110884	38.32784765224262	67829.61057692306	489.3222748815166	7.325650087436609	0	1.3246506542520549	1.3323174617818552
2	22	24.846071511451704	38.60074397333827	66082.82211538462	496.82380952380953	6.939052935883225	0	1.3246506542520549	1.3323174617818552
2	23	25.07999528489526	38.32505306298103	66079.66346153847	509.14218009478674	6.717358320033726	0	1.3246506542520549	1.3323174617818552
2	24	25.071457940425038	38.307805219442905	65904.76923076923	496.3649289099526	7.109778714209474	0	1.3246506542520549	1.3323174617818552
2	25	25.08302658291477	38.35789346112325	66540.30288461539	494.1990521327014	7.705472444190831	0	1.3246506542520549	1.3323174617818552
2	26	25.061649155106466	38.32115038348284	67276.63942307694	507.09004739336496	7.45878754511545	0	1.3246506542520549	1.3323174617818552
2	27	25.07411605440023	38.33855177971087	65981.71153846153	499.13744075829385	6.858057990774351	0	1.3246506542520549	1.3323174617818552
2	28	25.074840892687146	38.354388364589525	67068.84134615383	511.5734597156398	7.229275544367455	0	1.3246506542520549	1.3323174617818552
2	29	25.084118620289047	38.33455792483076	65627.83653846153	496.50236966824644	6.557037395895513	0	1.3246506542520549	1.3323174617818552
2	30	25.060889713497836	38.28352073542051	41119.6875	510.18483412322274	4.478751367614246	0	1.3246506542520549	1.3323174617818552
2	31	25.051862770430287	38.32638429187686	41423.38461538462	507.2037914691943	4.224649461307647	0	1.3246506542520549	1.3323174617818552
2	32	25.097087379521966	38.35491273727909	40348.05288461538	510.5118483412322	4.198663574424532	0	1.3246506542520549	1.3323174617818552
2	33	24.834314948404995	38.58585103237321	38253.610576923085	520.0571428571428	3.891465871823495	0	1.3246506542520549	1.3323174617818552
2	34	25.043911744113824	38.357322143824476	26071.12980769231	497.90521327014216	2.804727975489184	0	1.3246506542520549	1.3323174617818552
2	35	25.099232472567707	38.28905309156719	23886.572115384617	500.17535545023696	2.6068965197721234	0	1.3246506542520549	1.3323174617818552
2	36	24.89698150580812	38.646236272712734	24266.37980769232	522.914691943128	2.6212115637756863	0	1.3246506542520549	1.3323174617818552
2	37	25.081199966523343	38.27867236111149	27184.807692307695	502.66824644549763	2.986381463452845	0	1.3246506542520549	1.3323174617818552
2	38	24.9624904406552	38.25269541320938	27486.596153846156	493.7688679245283	2.9770273615438247	0	1.3246506542520549	1.3323174617818552
2	39	24.822528848912985	38.57754553074863	24817.480769230762	522.0714285714286	2.5289779640351413	0	1.3246506542520549	1.3323174617818552
2	40	24.800466901673456	38.54544156010552	26386.163461538457	511.5761904761905	2.858419879405862	0	1.3246506542520549	1.3323174617818552
2	41	25.067739799947283	38.32352049915544	26638.25	494.5781990521327	2.5782399296010508	1	1.3246506542520549	1.3323174617818552
2	42	25.15570754122348	38.3390678530355	26369.30288461538	503.37914691943126	2.857390273046558	0	1.3246506542520549	1.3323174617818552
2	43	25.055171056085698	38.3639879324883	26741.365384615383	508.54976303317534	2.845376849312312	0	1.3246506542520549	1.3323174617818552
2	44	25.040562626923638	38.2589298565464	25338.42307692308	505.9481132075472	2.9581379525252425	0	1.3246506542520549	1.3323174617818552
2	45	25.128495156774495	38.26995469289947	15939.788461538461	504.4312796208531	1.6543731305955622	0	1.3246506542520549	1.3323174617818552
3	1	48.86917172158887	42.08312989824183	181904.62019230766	732.3317535545024	2.0065200207385487	0	1.3098211137320266	1.3096143531128295
3	2	48.868984378263555	42.08661997311529	181681.53365384613	724.1090047393365	2.152841522088332	0	1.3098211137320266	1.3096143531128295
3	3	48.86924054565285	42.09638951130149	181903.27884615387	715.1415094339623	2.1441306020861743	1	1.3098211137320266	1.3096143531128295
3	4	48.87207371857311	42.08169657480627	185912.87019230766	696.8909952606635	2.3443193218514007	0	1.3098211137320266	1.3096143531128295
3	5	48.86951041142595	42.09011013557373	185615.95673076925	684.0236966824644	2.538686129930402	0	1.3098211137320266	1.3096143531128295
3	6	48.86840531664598	42.10618417658956	155915.63461538462	688.4360189573459	2.12486814873341	1	1.3098211137320266	1.3096143531128295
3	7	48.86544556679427	42.08168937916666	132228.5625	677.2037914691944	1.956845801610992	0	1.3098211137320266	1.3096143531128295
3	8	48.87726770215412	42.096009260220704	131563.89903846153	679.7772511848341	1.9535751517860425	0	1.3098211137320266	1.3096143531128295
3	9	48.86955117870169	42.092436008647866	132198.41826923075	675.2796208530806	1.9672004439838127	0	1.3098211137320266	1.3096143531128295
3	10	48.870590201607364	42.092249284634484	121202.15384615383	666.1658767772511	1.802373785240147	0	1.3098211137320266	1.3096143531128295
3	11	48.86475846687655	42.096886346204144	118643.82211538462	673.7962085308056	1.7511782415763064	0	1.3098211137320266	1.3096143531128295
3	12	48.859576012996015	42.090649565621234	118128.55288461538	671.696682464455	1.7579623620268283	0	1.3098211137320266	1.3096143531128295
3	13	48.844129238703715	42.064505814621654	122714.50961538462	643.8490566037735	2.2940412009559297	1	1.3098211137320266	1.3096143531128295
3	14	48.86910172865552	42.082783578993116	106864.29807692305	636.3744075829384	1.9063357175522755	0	1.3098211137320266	1.3096143531128295
3	15	48.87616066218215	42.09129013895225	108339.125	647.7877358490566	1.982201584731644	0	1.3098211137320266	1.3096143531128295
3	16	48.87730421266123	42.07471852274437	92915.21634615383	640.2169811320755	1.7193482488230007	1	1.3098211137320266	1.3096143531128295
3	17	48.884709244470955	42.102041548234446	83211.66346153847	628.627358490566	1.7036606645299242	0	1.3098211137320266	1.3096143531128295
3	18	48.876107621383056	42.10328753782822	82382.20673076923	631.1184834123222	1.6833892859329644	0	1.3098211137320266	1.3096143531128295
3	19	48.86942162375228	42.09129266690778	86477.59134615383	614.3981042654028	2.0171406393647655	0	1.3098211137320266	1.3096143531128295
3	20	48.87691715517149	42.105633195032425	66695.51923076923	622.6792452830189	1.5697733056658256	0	1.3098211137320266	1.3096143531128295
3	21	48.86025044425806	42.12156425488691	71412.46153846153	612.0189573459716	1.6260719837486555	0	1.3098211137320266	1.3096143531128295
3	22	48.8598862044551	42.08963288677611	69973.09134615383	618.3554502369668	1.6005432828885375	0	1.3098211137320266	1.3096143531128295
3	23	48.84461628300407	42.07971285867648	71595.36538461538	610.5876777251185	1.6492251465747556	0	1.3098211137320266	1.3096143531128295
3	24	48.88115346893325	42.09239452965219	71695.50961538462	588.7122641509434	1.9681872967682612	0	1.3098211137320266	1.3096143531128295
3	25	48.884567395709325	42.10501251186561	74497.70673076923	575.4858490566038	2.4100759440594217	1	1.3098211137320266	1.3096143531128295
3	26	48.870404802120085	42.091939765451876	71078.92788461538	585.3317535545024	2.277453886563009	0	1.3098211137320266	1.3096143531128295
3	27	48.88315966654292	42.100582081371066	72609.40384615383	578.7877358490566	2.3672009981329474	0	1.3098211137320266	1.3096143531128295
3	28	48.871632913913224	42.081624163379665	48401.951923076915	577.8862559241707	1.4892394937456397	1	1.3098211137320266	1.3096143531128295
3	29	48.83164405604235	42.08011779258372	45158.201923076915	590.8199052132701	1.3956076791747043	0	1.3098211137320266	1.3096143531128295
3	30	48.88197913212182	42.12885748087096	48155.21153846153	562.042654028436	1.4632370373377632	1	1.3098211137320266	1.3096143531128295
3	31	48.865639978045444	42.12748530519995	44740.21153846153	587.6161137440758	1.4348475514854102	0	1.3098211137320266	1.3096143531128295
3	32	48.87768427940454	42.09241705820476	47288.076923076915	574.4764150943396	1.5000913896776413	0	1.3098211137320266	1.3096143531128295
3	33	48.8899016840618	42.149110528996545	47641.668269230766	567.1698113207547	1.565815828394454	0	1.3098211137320266	1.3096143531128295
3	34	48.84073034944639	42.06415659369574	32859.53365384616	591.316037735849	1.046797779306657	0	1.3098211137320266	1.3096143531128295
3	35	48.86522419718522	42.080857292078115	35035.230769230766	563.4407582938388	1.307404323837918	0	1.3098211137320266	1.3096143531128295
3	36	48.85783811658524	42.11327826467375	35153.831730769234	568.0189573459716	1.3757906377635074	0	1.3098211137320266	1.3096143531128295
3	37	48.87990575287742	42.10597293377461	35767.23557692308	563.2688679245283	1.4319498581679866	0	1.3098211137320266	1.3096143531128295
3	38	48.83569333816311	42.041179905445105	34873.9375	547.8632075471698	1.383986213363798	0	1.3098211137320266	1.3096143531128295
3	39	48.88391911126776	42.0771444377036	35515.02403846153	577.8779342723004	1.3737826346471995	0	1.3098211137320266	1.3096143531128295
3	40	48.90933960965276	42.112520689108045	21652.528846153844	565.1084905660377	0.8356406125489694	0	1.3098211137320266	1.3096143531128295
3	41	48.90873120912335	42.087915409972936	22591.350961538457	559.3962264150944	0.8971271198823222	0	1.3098211137320266	1.3096143531128295
3	42	48.87855309300104	42.12900588908046	21255.985576923074	549.1374407582938	0.868397577154875	0	1.3098211137320266	1.3096143531128295
3	43	48.86192106280323	42.11566142486554	20866.836538461543	565.654028436019	0.820200212292681	1	1.3098211137320266	1.3096143531128295
3	44	48.862649222044695	42.0909354297652	20847.730769230766	569.260663507109	0.8266384510967659	0	1.3098211137320266	1.3096143531128295
3	45	48.88241529245787	42.16028867142665	20369.197115384617	570.3066037735849	0.8154246211675906	0	1.3098211137320266	1.3096143531128295
3	46	48.79623240976485	42.001352656657566	19866.206730769234	573.8403755868544	0.8704416512858286	1	1.3098211137320266	1.3096143531128295
3	47	48.8324684555276	42.06830243527677	21740.942307692316	563.3867924528302	0.8419646916137962	0	1.3098211137320266	1.3096143531128295
3	48	48.84693064127071	42.128348708277336	21657.043269230762	569.1848341232228	0.8316274822657231	1	1.3098211137320266	1.3096143531128295
3	49	48.825973497531876	42.05067451703069	20472.807692307684	573.2547169811321	0.7940575371870033	0	1.3098211137320266	1.3096143531128295
3	50	48.58938922958561	42.29955314073438	21789.596153846156	541.1148325358852	0.8919794569241548	0	1.3098211137320266	1.3096143531128295
3	51	48.91730463465051	42.15970047168053	23227.639423076926	562.1848341232228	0.9176896918591056	0	1.3098211137320266	1.3096143531128295
3	52	48.800895040349914	42.07617949059085	20836.841346153844	567.8957345971564	0.8078163858025992	0	1.3098211137320266	1.3096143531128295
3	53	48.37292433567295	42.85015762506623	13110.942307692307	495.4190476190476	1.4139999675817065	0	1.3098211137320266	1.3096143531128295
3	54	47.83998698155467	42.544647336046225	11681.346153846158	524.1238095238095	0.9600104710518146	0	1.3098211137320266	1.3096143531128295
4	2	52.91529494194816	17.896550420014783	-105685.1057692308	2122.1603773584907	0.48198041402849917	0	15.78858787077675	3.124274293816944
4	3	53.20536498057848	18.204752161971353	-100914.11538461536	2082.0666666666666	0.490942067799929	0	15.78858787077675	3.124274293816944
4	4	52.373535259246964	17.356715848247497	-76521.9375	1960.5336538461538	0.48867692032841015	0	15.78858787077675	3.124274293816944
5	2	21.07222110236318	54.12242094006222	201918.9086538461	484.3160377358491	22.746994395561405	0	1.3492725102689405	1.336138652455419
5	3	21.080611626019582	54.12321794337788	185166.57211538465	504.3507109004739	19.90272100881929	0	1.3492725102689405	1.336138652455419
5	4	21.083841863302563	54.126726742768305	133605.45192307694	490.8530805687204	13.888343582573352	1	1.3492725102689405	1.336138652455419
5	5	21.082131756130895	54.12818068807871	133329.37980769234	490.39336492890993	14.646818286818615	0	1.3492725102689405	1.336138652455419
5	6	21.0734888685835	54.11298217903376	118827.51923076922	495.61502347417843	12.620630485377793	0	1.3492725102689405	1.336138652455419
5	7	21.08749852328679	54.13124567274954	105077.76923076922	497.93364928909955	12.191978178913205	1	1.3492725102689405	1.336138652455419
5	8	21.086630410259826	54.12393627476952	108307.16346153848	506.6255924170616	11.427885726746046	0	1.3492725102689405	1.336138652455419
5	9	21.086689005710543	54.11732268763655	106376.92307692305	491.77464788732397	12.311711183957284	1	1.3492725102689405	1.336138652455419
5	10	21.063161691132702	54.12438656901872	104967.24038461538	503.70283018867923	11.490438500348157	0	1.3492725102689405	1.336138652455419
6	6	52.62742259692604	17.61588979882583	-92035.34615384616	1909.2836538461538	0.498015210534669	0	-16.972026093890758	-3.0811013030045538
6	7	53.19818252114613	18.117239122556853	-90318.12980769231	1885.654028436019	0.49406869215715576	0	-16.972026093890758	-3.0811013030045538
6	8	52.942429020630165	17.952639655919267	-85315.66346153848	1784.9158878504672	0.4824112139507738	0	-16.972026093890758	-3.0811013030045538
6	9	53.49719468169837	18.502688753266114	-89652.44711538464	1766.842105263158	0.47622121036601844	0	-16.972026093890758	-3.0811013030045538
7	11	53.56490127623537	18.555554537449346	-91495.94230769231	1758.9333333333334	0.4774449733611202	0	1.3333333333333335	1.3333333333333335
7	12	53.2703807248031	19.243094461348164	-90897.84615384616	1621.0	0.45150431470309693	0	1.3333333333333335	1.3333333333333335
7	13	52.77747620995382	17.76576724766054	-84486.74519230769	1768.0523809523809	0.49557604022235435	0	1.3333333333333335	1.3333333333333335
7	14	53.57528718760764	18.59097345822128	-93600.07692307694	1760.557142857143	0.4857348172923449	0	1.3333333333333335	1.3333333333333335
8	11	21.062524745520594	54.12156231912929	105846.87980769233	514.4952830188679	11.124843866048916	0	1.3165483801235882	1.3341770703576687
8	12	21.06683339324915	54.10472362578318	94342.26923076922	500.30516431924883	9.6912479036286	0	1.3165483801235882	1.3341770703576687
8	13	21.098996823512692	54.156880000484726	92294.43269230767	502.5687203791469	9.748436133979068	0	1.3165483801235882	1.3341770703576687
8	14	21.07726117102212	54.11459623984903	94042.41826923077	508.38028169014086	10.567630902321307	1	1.3165483801235882	1.3341770703576687
8	15	21.067525629973943	54.12816871024518	78515.75	504.2358490566038	8.400513011472553	0	1.3165483801235882	1.3341770703576687
8	16	21.075698444610733	54.12726884182913	79678.22115384617	501.5518867924528	8.50794005777003	0	1.3165483801235882	1.3341770703576687
8	17	21.07755203708494	54.126147881267464	67314.51442307694	483.5308056872038	7.449040136997354	1	1.3165483801235882	1.3341770703576687
8	18	21.083918842163108	54.14692403033645	52802.59615384616	514.0663507109005	5.706918878178165	0	1.3165483801235882	1.3341770703576687
8	19	21.100310774782965	54.154168455815416	53486.69711538462	488.3554502369668	5.702682823512942	1	1.3165483801235882	1.3341770703576687
8	20	21.086839274408256	54.12570120761201	52063.038461538476	509.2085308056872	5.885636372727527	0	1.3165483801235882	1.3341770703576687
8	21	21.081612827880914	54.14012479357646	53069.18269230769	498.2085308056872	5.59805316952512	0	1.3165483801235882	1.3341770703576687
8	22	21.070587929911323	54.10832861356114	53579.88461538461	496.83098591549293	5.561274356453349	0	1.3165483801235882	1.3341770703576687
9	15	51.97974341078975	16.950428776066268	-63925.149038461524	1692.752336448598	0.482585846426322	0	-10.271148215136348	-3.3432498722887227
9	16	53.30404149621999	18.322444735936358	-71881.40865384616	1641.9663461538462	0.4789838625089658	0	-10.271148215136348	-3.3432498722887227
9	17	53.480351710950636	18.479649088811247	-68790.79807692308	1583.0239234449762	0.5008867522826831	0	-10.271148215136348	-3.3432498722887227
9	18	53.32665546906716	18.34209815862576	-68302.02403846153	1590.0288461538462	0.49147025129520644	0	-10.271148215136348	-3.3432498722887227
9	19	51.82002471660521	16.78398487425674	-47395.548076923085	1492.5904761904762	0.469761575066923	0	-10.271148215136348	-3.3432498722887227
9	20	52.119502935608885	17.101802131375187	-48201.49038461537	1516.5094339622642	0.4680254255365024	0	-10.271148215136348	-3.3432498722887227
9	21	51.738909561172946	16.69102235543148	-44814.24519230768	1350.7904761904763	0.4329257308089235	0	-10.271148215136348	-3.3432498722887227
10	25	44.90914137280698	20.43167128099389	81877.625	495.247619047619	8.126000866002125	0	1.3483063132657624	1.3669764009434024
10	26	44.427113101412004	20.897448839439306	79469.25	500.9190476190476	8.419727369382652	0	1.3483063132657624	1.3669764009434024
10	27	44.419506642503386	20.89942183767422	80434.28365384617	497.8619047619048	8.229111971606107	0	1.3483063132657624	1.3669764009434024
10	28	44.667231247005944	20.68036548465591	80486.63942307695	484.0673076923077	8.006095605951224	0	1.3483063132657624	1.3669764009434024
10	29	44.88346079352771	20.4177741657169	80353.56730769231	508.15714285714284	9.188452893644829	0	1.3483063132657624	1.3669764009434024
10	30	44.67850097775195	20.692276670682396	66839.78365384617	509.03365384615387	6.411088774298536	0	1.3483063132657624	1.3669764009434024
10	31	44.41823487607675	20.901965890347725	67198.1875	510.1666666666667	7.311732252419312	0	1.3483063132657624	1.3669764009434024
10	32	44.680511391964615	20.69487179746238	69466.83653846153	501.00961538461536	6.664844429209575	0	1.3483063132657624	1.3669764009434024
10	33	44.89531464590565	20.421798003565495	65055.36538461538	503.84761904761905	6.376644650763691	0	1.3483063132657624	1.3669764009434024
10	34	44.68386652100145	20.66907650966999	67763.62019230769	496.97115384615387	6.749391476831135	0	1.3483063132657624	1.3669764009434024
10	35	44.69351279292221	20.662781387329954	65443.66346153848	505.57211538461536	7.099211853924269	0	1.3483063132657624	1.3669764009434024
10	36	44.67448672877438	20.668908382661225	67602.40865384617	504.49038461538464	6.7385426573909015	0	1.3483063132657624	1.3669764009434024
10	37	44.69307942578583	20.690763453409673	64155.07692307693	501.72115384615387	7.047507644224555	0	1.3483063132657624	1.3669764009434024
10	38	44.868827167705504	20.436816771173866	64312.35096153847	512.3047619047619	7.254076991859539	0	1.3483063132657624	1.3669764009434024
10	39	44.45236542769855	20.936451159371995	53018.875	501.94736842105266	5.622388461226325	0	1.3483063132657624	1.3669764009434024
10	40	44.424427437295414	20.90695546871347	51182.485576923085	518.9571428571429	5.471918736263816	0	1.3483063132657624	1.3669764009434024
10	41	44.64417844362261	20.670084391646665	53743.14903846152	501.08653846153845	5.78869086460773	0	1.3483063132657624	1.3669764009434024
10	42	44.6812874129016	20.730757296817405	26467.538461538457	498.60765550239233	2.8482172473438174	0	1.3483063132657624	1.3669764009434024
10	43	44.66338838871528	20.695198694861215	27074.245192307695	500.09615384615387	2.8532210281438433	0	1.3483063132657624	1.3669764009434024
10	44	44.426041516166784	20.8930788880203	24740.841346153844	503.37619047619046	2.808091195582115	0	1.3483063132657624	1.3669764009434024
10	45	44.92979399510051	20.42151876393915	27778.82692307692	498.7190476190476	2.8569958492653296	0	1.3483063132657624	1.3669764009434024
10	46	44.65341407861734	20.669337681015854	25184.3076923077	499.66346153846155	2.621668815009603	0	1.3483063132657624	1.3669764009434024
10	47	44.40129579875609	20.976668893218406	13190.379807692309	483.8160377358491	1.3910658610653774	0	1.3483063132657624	1.3669764009434024
11	25	21.36472166093138	53.903644313431975	53712.360576923085	496.7298578199052	6.344673397133123	0	1.3446941439211844	1.3452063057701045
11	26	21.061840730950266	54.09785678838887	53353.42788461539	499.63380281690144	6.100682994205147	0	1.3446941439211844	1.3452063057701045
11	27	21.038404728576804	54.09377632690973	52230.62980769231	518.2723004694835	6.007535968243971	1	1.3446941439211844	1.3452063057701045
11	28	21.04497360855613	54.091832714466506	55584.96634615384	507.2803738317757	5.8733028973044465	1	1.3446941439211844	1.3452063057701045
11	29	21.058461636585267	54.13115366892135	42499.46153846153	491.75943396226415	4.9611791751524335	0	1.3446941439211844	1.3452063057701045
11	30	21.06344900990083	54.10951334529089	38680.480769230766	499.57276995305165	4.232855823938283	1	1.3446941439211844	1.3452063057701045
11	31	21.102031788245	54.146498016820516	40599.44230769231	506.23222748815164	4.321623587922353	0	1.3446941439211844	1.3452063057701045
11	32	21.060814405233636	54.11540616275667	38996.05769230769	499.8490566037736	4.498753363460407	0	1.3446941439211844	1.3452063057701045
11	33	21.059544326670512	54.13290189532383	37866.53365384616	502.0188679245283	4.263612963845877	0	1.3446941439211844	1.3452063057701045
11	34	21.061710634027605	54.13305849364207	39346.03846153847	493.85849056603774	3.9487627632741322	0	1.3446941439211844	1.3452063057701045
11	35	21.11041997739183	54.139246994727074	39438.019230769234	498.74881516587675	4.012279555001408	0	1.3446941439211844	1.3452063057701045
12	26	45.97119768069578	32.728626587663	58198.03365384616	600.4716981132076	1.37871073579197	0	1.2922549743332505	1.2848463477287866
12	27	45.98651823706177	32.74657612881861	57131.20192307693	611.9952830188679	1.3699796290065214	0	1.2922549743332505	1.2848463477287866
12	28	45.97679604006472	32.72995707487127	59724.24038461538	582.8679245283018	2.066352332982662	0	1.2922549743332505	1.2848463477287866
12	29	46.17244807719129	32.491839825396916	66757.36057692306	570.3952380952381	2.0090085426741875	0	1.2922549743332505	1.2848463477287866
12	30	45.99903281648502	32.73884027789719	61045.725961538476	576.2018779342723	2.2171223017262083	0	1.2922549743332505	1.2848463477287866
12	31	46.22573944216162	32.53196510494111	61048.20192307694	535.1531100478469	4.935500908084122	0	1.2922549743332505	1.2848463477287866
12	32	45.99092588399625	32.744567630314165	62336.86057692307	571.5330188679245	2.206802360927151	0	1.2922549743332505	1.2848463477287866
12	33	45.96906197446677	32.71204087455107	61153.60096153848	575.561320754717	2.1640476554084733	0	1.2922549743332505	1.2848463477287866
12	34	45.962737728401486	32.74044633948086	62577.66346153848	558.0707547169811	2.6230997030431418	0	1.2922549743332505	1.2848463477287866
12	35	46.008457696357915	32.76424723126073	47868.50480769232	564.183962264151	2.070689904718171	0	1.2922549743332505	1.2848463477287866
12	36	45.933862278532246	32.720528673834565	48700.6778846154	569.0710900473933	2.170661370726879	0	1.2922549743332505	1.2848463477287866
12	37	46.200552904039796	32.48551923981815	51057.59615384616	532.7714285714286	4.438725890685198	0	1.2922549743332505	1.2848463477287866
12	38	46.18539218870833	32.50268788705464	46401.149038461524	545.4502369668246	3.866992082237038	0	1.2922549743332505	1.2848463477287866
12	39	46.19492077215807	32.517022124499434	48267.389423076915	533.3761904761905	4.273359615142748	0	1.2922549743332505	1.2848463477287866
12	40	46.21296703514702	32.49347404649554	51108.74038461538	527.8578199052133	4.541923194881655	0	1.2922549743332505	1.2848463477287866
12	41	45.988622494812766	32.742505096066495	48199.735576923085	535.3443396226415	2.834391744181727	1	1.2922549743332505	1.2848463477287866
12	42	45.970314800744056	32.74110186893357	50337.139423076915	532.7688679245283	2.9048899477912364	0	1.2922549743332505	1.2848463477287866
12	43	46.25250549402561	32.53897411663103	48612.8653846154	513.6634615384615	4.65836419512699	0	1.2922549743332505	1.2848463477287866
12	44	46.177610678736286	32.49743706084768	54018.855769230766	518.7238095238096	4.862702958197187	0	1.2922549743332505	1.2848463477287866
12	45	45.991376837742486	32.73849245411996	52019.024038461524	518.9952830188679	3.1508637019608643	0	1.2922549743332505	1.2848463477287866
13	36	21.064508014526343	54.12711265355275	40732.855769230766	488.1933962264151	4.387519131136828	0	1.3179692913005665	1.3818866283814097
13	37	21.015544803115745	54.10535937816204	41320.355769230766	496.1132075471698	4.208288923648699	0	1.3179692913005665	1.3818866283814097
13	38	21.10685373679393	54.10639462532015	38687.36538461539	507.25943396226415	4.388494562905729	0	1.3179692913005665	1.3818866283814097
14	41	21.066241216298312	54.09651501993232	42028.139423076915	493.53521126760563	4.488651423418244	1	1.3836729902990033	1.3381123305926654
14	42	21.057207215832218	54.086031988998954	40349.96634615384	496.0373831775701	4.310578126243568	0	1.3836729902990033	1.3381123305926654
14	43	21.074833597651974	54.136499465791864	41211.02884615384	486.4669811320755	4.42899008764259	0	1.3836729902990033	1.3381123305926654
14	44	21.06919125045671	54.144228239638714	38603.985576923085	505.9339622641509	4.290719980893958	0	1.3836729902990033	1.3381123305926654
14	45	21.092195972731567	54.152376100265855	25532.3125	497.6492890995261	3.092764971312591	0	1.3836729902990033	1.3381123305926654
14	46	21.022190662904936	54.12368329164782	24089.23557692308	496.22641509433964	2.6172319776116053	0	1.3836729902990033	1.3381123305926654
14	47	21.06122866951562	54.11946372780569	27297.475961538457	489.52358490566036	2.9670536918780583	1	1.3836729902990033	1.3381123305926654
14	48	21.06648687364779	54.12187662804846	28581.302884615383	491.8443396226415	3.120875107545833	0	1.3836729902990033	1.3381123305926654
14	49	21.135886165045434	54.128717993198144	25773.947115384617	474.0805687203791	2.7176946221066904	0	1.3836729902990033	1.3381123305926654
15	46	45.96218001577485	32.74613751323424	49806.6153846154	543.1509433962265	2.9136647785333643	0	1.3337361353546022	1.300071237521585
15	47	45.98071682884413	32.738884233996494	50088.6778846154	527.933962264151	2.878880995008357	0	1.3337361353546022	1.300071237521585
15	48	45.96760672326635	32.77433805122891	50141.7596153846	537.2877358490566	2.9695021271963276	0	1.3337361353546022	1.300071237521585
15	49	46.015663730010736	32.769817024269955	51292.41826923076	533.0754716981132	3.1096864672801128	0	1.3337361353546022	1.300071237521585
15	50	45.9788493269506	32.72293010822138	49702.961538461524	524.1415094339623	3.0120479226228905	0	1.3337361353546022	1.300071237521585
15	51	46.17914066572678	32.48656956717985	54289.25961538462	514.8095238095239	5.015137957393281	0	1.3337361353546022	1.300071237521585
15	52	45.99829923676196	32.719477782791465	50583.03365384616	536.9530516431925	3.0906011978120493	0	1.3337361353546022	1.300071237521585
15	53	46.18522646728372	32.51313587590032	48071.576923076915	531.9285714285714	2.998970548172762	0	1.3337361353546022	1.300071237521585
15	54	46.1842957647127	32.489825642230095	51899.3125	509.7190476190476	5.005950547450333	0	1.3337361353546022	1.300071237521585
15	55	46.227104990354846	32.52863290531347	52885.49519230768	511.51674641148327	5.696639279113502	0	1.3337361353546022	1.300071237521585
15	56	46.18519908707483	32.51386745759789	49479.75	514.7619047619048	5.431950136537714	0	1.3337361353546022	1.300071237521585
15	57	46.20313019785918	32.475187340691214	39912.456730769234	505.0857142857143	4.464432903137092	0	1.3337361353546022	1.300071237521585
15	58	45.98342305579886	32.74967712071143	40422.6778846154	491.25943396226415	4.500073798308337	0	1.3337361353546022	1.300071237521585
15	59	45.9445033377681	32.75079370702475	42066.50480769231	503.50471698113205	4.717799707927582	0	1.3337361353546022	1.300071237521585
16	46	25.040714624224645	38.238476865288945	15092.288461538463	492.66509433962267	1.5035754677644135	0	1.2880465659532248	1.3596657121524072
16	47	24.933771917548334	38.1968484919739	15326.02884615384	482.93364928909955	1.6837554448229082	1	1.2880465659532248	1.3596657121524072
16	48	25.13425218436853	38.397599040836084	13646.971153846158	491.98571428571427	1.3596616798444983	0	1.2880465659532248	1.3596657121524072
17	48	44.650627802765676	20.665167731121475	11356.745192307691	499.8894230769231	1.0287695524196758	0	1.271726297278359	1.3017865613706752
17	49	44.7720222365575	20.83480573721251	15649.288461538463	504.8293838862559	1.5666683972247655	0	1.271726297278359	1.3017865613706752
17	50	44.8484558037467	20.331993328748702	13358.48076923077	501.9620853080569	1.4178752012531741	0	1.271726297278359	1.3017865613706752
17	51	45.03095294124746	20.37363312455985	11643.552884615383	508.5943396226415	1.3624088655669901	0	1.271726297278359	1.3017865613706752
17	52	44.694763615914255	20.66386451294581	12276.177884615381	493.15384615384613	1.2275994742260807	0	1.271726297278359	1.3017865613706752
17	53	45.28129484696186	20.165365721143502	14232.879807692309	497.2748815165877	1.4542986689476132	0	1.271726297278359	1.3017865613706752
18	49	24.905675872070393	38.22368531153304	14101.70673076923	499.4312796208531	1.596470005125494	0	1.250137103578017	1.2978319578237953
18	50	24.911413054049742	38.2583211232941	15342.639423076922	490.0805687203791	1.451902679743703	0	1.250137103578017	1.2978319578237953
18	51	25.212397864988976	38.413429797316155	13669.163461538463	508.90909090909093	1.4545329766550852	0	1.250137103578017	1.2978319578237953
18	52	25.13399086513633	38.43058928663727	13276.557692307688	510.96666666666664	1.6000445206308493	0	1.250137103578017	1.2978319578237953
19	54	44.56322728262072	20.614434491580596	12774.298076923078	497.54285714285714	1.3370572712876658	0	1.247895119115029	1.3364919394921306
19	55	44.575808136145625	20.57850970268345	10099.048076923078	500.64285714285717	1.1836901098730908	0	1.247895119115029	1.3364919394921306
19	56	44.362999734048856	20.909973559723316	12814.28365384616	496.91469194312793	1.3720124779942457	0	1.247895119115029	1.3364919394921306
19	57	44.60946011559518	20.615201470469486	14692.822115384619	493.17788461538464	1.4658088474370643	0	1.247895119115029	1.3364919394921306
19	58	44.816631169593734	20.30982854936826	15850.240384615381	471.72857142857146	1.8476151295482728	0	1.247895119115029	1.3364919394921306
19	59	44.93178186196522	20.35046345485639	14186.125	505.5545023696682	1.6367952751745634	0	1.247895119115029	1.3364919394921306
19	60	44.65144274277882	20.544227614221544	11572.139423076922	506.3142857142857	1.2518325049874561	0	1.247895119115029	1.3364919394921306
19	61	44.786554643953785	20.798847458224504	11836.144230769229	518.6047619047619	1.2871701972076353	1	1.247895119115029	1.3364919394921306
19	62	44.74333142663633	20.70840181873363	13567.581730769229	490.67619047619047	1.3839712357829077	0	1.247895119115029	1.3364919394921306
19	63	45.000682646002744	20.373333835038366	14077.586538461537	494.22535211267603	1.606560449444873	0	1.247895119115029	1.3364919394921306
19	64	44.89209844694313	20.258057180624554	15109.153846153842	506.65402843601896	1.525012418317451	0	1.247895119115029	1.3364919394921306
19	65	44.59953098890837	20.682997291638692	14194.052884615381	503.8086124401914	1.509409028722445	1	1.247895119115029	1.3364919394921306
19	66	44.67102840392115	20.753141705715855	12414.47115384616	496.67619047619047	1.3708168140395727	1	1.247895119115029	1.3364919394921306
19	67	44.6596407371543	20.695388564257073	11967.40384615384	494.50961538461536	1.254349056353594	0	1.247895119115029	1.3364919394921306
19	68	44.94870779344947	20.33085647429259	13005.918269230771	493.17535545023696	1.4110842935531485	0	1.247895119115029	1.3364919394921306
19	69	44.42139913400894	20.90040010111798	12050.61057692308	509.53809523809525	1.2424149986711386	0	1.247895119115029	1.3364919394921306
19	70	44.633592640021526	20.69425976841057	15337.20192307692	503.6875	1.468741882530459	0	1.247895119115029	1.3364919394921306
19	71	44.68506931578981	20.70616474014576	12324.331730769229	511.2980769230769	1.396221343675274	0	1.247895119115029	1.3364919394921306
20	54	25.008978776150336	38.27302808439419	14769.129807692309	489.9009433962264	1.5017189401603805	0	1.4479767895442048	1.3661328434960336
20	55	25.169237787795588	38.32531268289836	13262.610576923078	509.91469194312793	1.3532403057790678	0	1.4479767895442048	1.3661328434960336
20	56	24.75834832034092	38.49143427227548	15063.8125	503.35885167464113	1.4931939424315872	1	1.4479767895442048	1.3661328434960336
20	57	24.824745277364418	38.57824316778577	13002.822115384619	496.1857142857143	1.3179744102749347	0	1.4479767895442048	1.3661328434960336
20	58	24.86220655061195	38.590344639918726	10314.971153846158	513.004761904762	1.0866016373123557	0	1.4479767895442048	1.3661328434960336
20	59	25.095679523232903	38.31968683608497	13790.596153846158	502.76777251184836	1.6119809123020712	0	1.4479767895442048	1.3661328434960336
20	60	25.047520151074167	38.29454411359885	14290.216346153842	497.8207547169811	1.7357047893968334	1	1.4479767895442048	1.3661328434960336
20	61	25.00476326504774	38.21100218775869	13511.75	502.47169811320754	1.4308414630904034	0	1.4479767895442048	1.3661328434960336
20	62	24.741469436221184	38.64268975487709	14479.947115384619	493.56666666666666	1.4255781474184572	0	1.4479767895442048	1.3661328434960336
20	63	25.106618824493832	38.31450275787107	13620.264423076922	498.61137440758296	1.5390011654255833	0	1.4479767895442048	1.3661328434960336
20	64	25.209526389857825	38.36076805404783	11472.240384615383	514.2200956937799	1.206740372537481	0	1.4479767895442048	1.3661328434960336
20	65	25.03539205039371	38.282666590448414	11671.884615384617	482.0188679245283	1.4751375829474016	0	1.4479767895442048	1.3661328434960336
21	54	21.075488478511897	54.10332318105469	27845.346153846156	491.4485981308411	2.8267107103722715	0	1.3468283796813838	1.3425424871055855
21	55	21.09687000206911	54.15492552068159	26517.432692307695	491.2085308056872	3.143488771340227	0	1.3468283796813838	1.3425424871055855
21	56	21.025498316476657	54.042593446100355	27318.158653846156	488.81775700934577	3.250273509017887	0	1.3468283796813838	1.3425424871055855
21	57	21.432560516676276	53.95945384287107	25821.615384615383	503.6904761904762	2.7706372997530004	0	1.3468283796813838	1.3425424871055855
22	58	21.083406029391135	54.10785600412067	24556.07692307692	507.74528301886795	2.775303649738116	0	1.277167668536814	1.3264625517005995
22	59	21.07516117856029	54.147722440370906	27884.778846153844	489.38862559241704	2.9167626643466593	0	1.277167668536814	1.3264625517005995
22	60	20.82664467727249	54.388689259157566	26318.95192307692	506.4047619047619	2.678797524494872	0	1.277167668536814	1.3264625517005995
22	61	21.117749209269583	54.12039910996245	26690.61057692308	496.08962264150944	2.764046176628111	0	1.277167668536814	1.3264625517005995
22	62	21.170650929615025	54.09865937130335	12669.870192307691	499.45023696682466	1.4314949257889509	1	1.277167668536814	1.3264625517005995
23	60	45.97748683803237	32.823279715344185	39960.09615384616	497.9056603773585	4.45780627014806	1	1.3487233416354976	1.3436104493659389
23	61	46.09539307380899	32.413193457228836	27728.947115384617	501.3333333333333	2.9255149114920322	1	1.3487233416354976	1.3436104493659389
23	62	46.16826889962799	32.45288194354988	25971.336538461543	510.05238095238093	2.6407079657661408	0	1.3487233416354976	1.3436104493659389
23	63	46.17446215769698	32.50030904636948	24483.149038461543	501.97607655502395	2.673889398085975	0	1.3487233416354976	1.3436104493659389
23	64	45.96010517868225	32.757729901926275	23167.038461538457	520.1084905660377	2.5657807906437737	0	1.3487233416354976	1.3436104493659389
23	65	45.89666078909666	32.74537892709717	26698.418269230762	490.21800947867297	2.923811304719526	0	1.3487233416354976	1.3436104493659389
23	66	46.026885455300324	32.75920369003285	26756.8125	497.04245283018867	2.9268863276027637	1	1.3487233416354976	1.3436104493659389
23	67	46.23797285476683	32.49976372699891	11991.144230769229	498.5311004784689	1.3103211397128007	1	1.3487233416354976	1.3436104493659389
24	72	44.93054049407093	20.371003264224594	13795.35576923077	495.5734597156398	1.4882183242155604	0	1.4113344116381117	1.214104791587585
24	73	44.67079734727699	20.685089179680126	13597.0	495.65865384615387	1.292954549285834	0	1.4113344116381117	1.214104791587585
24	74	44.38751280856974	20.963095052257426	11743.480769230771	507.2748815165877	1.3218841013501645	0	1.4113344116381117	1.214104791587585
24	75	44.63816451642899	20.63885160493178	12410.44230769231	503.3125	1.2369902543860964	0	1.4113344116381117	1.214104791587585
